v_loss,0.5754362093774896,0.5564259205690264,0.5508587415787076,0.5448824916863482,0.5385340402102025,0.5299890459039215,0.5198743161958831,0.5092901191302592,0.4961721402275137,0.48151157968416686,0.4646423239709971,0.44797260743045647,0.42857127248330107,0.41049089319434756,0.3906242553214266,0.3740715365635519,0.3562774655799712,0.3378873002321692,0.32258393609159464,0.3064951335913257,0.23500625696823835,0.20110873016252076,0.18257527715875965,0.16869328275057274,0.1577276828380994,0.14850052863245605,0.14224060005959002,0.13614415012913517,0.1317345742594786,0.12786788142528163,0.1255170415125547,0.12253791201979883,0.12092715456563163,0.11849100254033336,0.11752121559390087,0.1157854761428663,0.1150962551723666,0.11409882959199781,0.1129940533488736,0.11345468275565243,0.09313425109587319,0.08320482030703807,0.0804513742445995,0.07889428758220542,0.07749771936389449,0.0767975741972062,0.07629900706176139,0.0757510228413007,0.075381011371651,0.07501519281505678
pi_loss,2.547016530874832,2.5090672014524658,2.498235050506624,2.493802419542659,2.4917176321325964,2.4906831195479944,2.48990372870693,2.489399645850695,2.488888656293597,2.4884788940434546,2.4882316956192203,2.4877884633371097,2.487401465203847,2.4870728177409016,2.486732184482147,2.4862971064999875,2.4860262333436003,2.4856018837927154,2.485306492280879,2.4848827090247174,2.483749961458362,2.483205894156911,2.482801873483561,2.482508423676515,2.4821810565496745,2.4818273138109412,2.481514593336497,2.481216095046398,2.4807628368886094,2.480474166534145,2.480078352631049,2.479706169642091,2.4793698819060075,2.4789952623621514,2.478622032142859,2.478249169974659,2.4778645874486513,2.4774050470726197,2.476982038373251,2.4766972472793176,2.4753329988651243,2.474627594389211,2.474116274324864,2.4736213189231924,2.4731853706525015,2.472779845341357,2.4723526371962348,2.471936390031578,2.4715503255863545,2.4711550083043012
v_loss,0.5297337376698238,0.48724191997942856,0.45167819455977914,0.4168894607358945,0.3865372997630369,0.3575960730357461,0.33346780568754064,0.31009562578070693,0.28968761302837626,0.269987168879888,0.2536794391370193,0.23770999749493363,0.2270836119142651,0.21414349045254646,0.2012784569854104,0.1934241985003088,0.18433493424262207,0.17690115032297185,0.17110729744716177,0.16767425100507807,0.1274077847593846,0.1068705351075044,0.10028433828588569,0.0960074415387466,0.09375906598491861,0.09221740489092209,0.09083091826646096,0.09046210532722598,0.09023241850791447,0.08987812519601288,0.08928106571478643,0.08951741591850802,0.08949472016272866,0.08960567021134878,0.09014962129356245,0.09010589214830461,0.0906209483400564,0.09094591032908508,0.09145635342811537,0.09273134300997711,0.08203864439514878,0.0762204773834549,0.0746387191445918,0.07389219840175336,0.07306305116005671,0.07266552140955435,0.07236809602035654,0.07219254938541118,0.07153887756144293,0.07151747786338691
pi_loss,2.4461295944462105,2.4443785804991274,2.4440202439538337,2.4436322484024275,2.4433991106279205,2.4429697938864865,2.442592517842571,2.4422388427340023,2.4419386939711782,2.4414811519264585,2.4411757191185894,2.4407566486807197,2.4404386591282865,2.4401222490989394,2.439645238380259,2.439332878177209,2.4390022808676695,2.438612687823407,2.4381953671304557,2.437977322832953,2.436242837293144,2.4351830703422697,2.4344338044106864,2.4337252227242736,2.433102475015885,2.432498655268152,2.4318862060051183,2.4313205720172486,2.430799612250713,2.4303154090091073,2.429823862465445,2.4293314466955636,2.428954670221055,2.4285577065273016,2.4282335577136798,2.427886748922716,2.4276029250570734,2.4272889577380123,2.427081370029654,2.426950080587208,2.425406805373102,2.424504829150252,2.424006491997686,2.423624397698894,2.4232906543540795,2.4229632780520487,2.4226736428317364,2.4224132404492362,2.4221280521576642,2.4219080340332018
v_loss,0.5770498246527156,0.5089428024981155,0.43988752437315093,0.3693083428475094,0.3049498957674406,0.24814303223053016,0.20405351101679908,0.1718522828934386,0.14931160764287887,0.13387811613411532,0.12404713544406389,0.11766650419411503,0.11266327378283268,0.11059929362327832,0.10932627365727572,0.1073066993611075,0.10407818969317346,0.10389979925930948,0.10159449602975981,0.10069647791765089,0.09164334007802613,0.08870842964789125,0.08789858954539251,0.08748908877627941,0.08705089324517308,0.08685442894221024,0.08658862476405954,0.08660708119588575,0.08631723682682435,0.08631026321079087,0.08602963216834661,0.0862467027041336,0.08601519582153562,0.08594134714572675,0.08597293070540044,0.08588966827936091,0.08593613506390486,0.08620079644779077,0.08608825330302716,0.08601035065396549,0.08257078811364464,0.08166671971461378,0.0813999693559089,0.08110700889005043,0.0811509658573172,0.08066341345495666,0.08083812749363815,0.08079118646876599,0.08106091007002479,0.08074632597655959
pi_loss,2.4139177790261748,2.412032363358994,2.4109288808098412,2.4099335394606753,2.408616472704767,2.4071972088805813,2.4056839556024787,2.4040144726248114,2.402315252108084,2.4006628065977678,2.398946962509936,2.3973827909805823,2.395789911474102,2.3944875648744723,2.393443404980869,2.392348790477491,2.3911172996587124,2.390152689458533,2.389207173011257,2.388291732958186,2.3856148613226242,2.384025863039563,2.383069643699436,2.3822973337687348,2.3815987178357125,2.3809529333783868,2.3803229590904342,2.3797995125440727,2.3792877864518958,2.3788458044168443,2.3784410264358584,2.378069923834295,2.3776847768945304,2.3773465955765327,2.3770688904158352,2.3767684090605554,2.3764786156098245,2.3763031440171583,2.3760431711137944,2.375822915718171,2.374516893050625,2.374064397841767,2.373867238772941,2.3737335710497627,2.3736361862722792,2.3735195630873456,2.3734367216938024,2.3733534490753434,2.3732816904608964,2.3731875669587725
v_loss,0.49232052527649106,0.30324649723357544,0.19914068226067838,0.14678434868345516,0.12167404717878944,0.10933871545078669,0.1037771691586151,0.10087552790007767,0.09924343322018865,0.0979360977604623,0.0974045426421623,0.0961929408635098,0.09680903891580803,0.10002943088065548,0.10475172563975135,0.10227525111659425,0.09814531605281654,0.11450779282199867,0.10275650307479918,0.09552178977795839,0.08658293197954141,0.08466110073579577,0.0844392182464709,0.08393536643449089,0.08375051978441565,0.08349035820031456,0.08351431410113304,0.08325220064602773,0.08317368646673015,0.08316212040992814,0.08307708233395046,0.08314363838057132,0.08294179639095957,0.08317565245433631,0.08301975094531377,0.08295930038563039,0.082972733999469,0.08283232849509722,0.0827591142106617,0.08279869651026893,0.08095172677214092,0.08019687344295919,0.08012088823556894,0.07994742271855743,0.07984655849637162,0.07989315950461606,0.07977100653411494,0.07968342689171196,0.0796147708159271,0.079594264229274
pi_loss,2.3782161771501698,2.373102908462211,2.368169398089966,2.3632635954839287,2.358413004115761,2.354393023207521,2.351109929026822,2.3486524126355826,2.346649990047813,2.3451833726974067,2.343974333496925,2.3430662385975727,2.3423839229450243,2.3430465220505714,2.344542336683761,2.344250448891223,2.342517506846438,2.345397744224737,2.344975044871216,2.341521985872593,2.3365211294462775,2.3342507027420596,2.3330218220396595,2.3320370502364005,2.331245687561483,2.3305868751744914,2.329972551284672,2.3294682689104778,2.329013345327481,2.3286072007268794,2.328299782102286,2.327979806582666,2.3276117730820167,2.3275422887050694,2.3272436421555027,2.3269942815525635,2.326708065094512,2.326475192545246,2.3263205012551698,2.326214856294055,2.325103436611524,2.324768523508425,2.3246847552006122,2.324621316823056,2.3245508867157474,2.324503068901967,2.3245021567960196,2.324409530278723,2.324381036910307,2.3243941083138266
v_loss,0.5253341090920401,0.301607945352843,0.19170119331342375,0.14267713782294303,0.12134628022689542,0.11270001354120031,0.1081679373662322,0.10719926998766789,0.10619802294616253,0.10559561875496455,0.1057757171668728,0.1087974199858725,0.11092564920010595,0.10742632173077152,0.09880202557596349,0.0971802372350334,0.0956308236361354,0.09461752850480666,0.09445165979878546,0.0947357214465863,0.09171742279691901,0.09092513947083315,0.09075826895933654,0.09045131692056611,0.09050683332936961,0.09037020512264454,0.0902591666527105,0.09037457584932723,0.09025414151094012,0.09027108621766279,0.09014439069733501,0.09022162977486697,0.09027975298539684,0.0900204924601138,0.09030318881650447,0.09033043781675486,0.09029922696398995,0.09035616684830661,0.09045041856963759,0.09050144156453657,0.08813197842624798,0.08750792361660836,0.0875253623075042,0.08729344310747808,0.08732672517217734,0.08713526089171586,0.0872048624621588,0.0870592084212282,0.0871139267525474,0.08739592430996905
pi_loss,2.3478552451825263,2.3417208752583893,2.3348662588889844,2.3280562425745277,2.321944276156755,2.317232592612455,2.3136536351343833,2.3113928246256874,2.309766015958223,2.308581420482713,2.3077581200189576,2.308594881181572,2.3095285190900703,2.30853954113354,2.304054463995247,2.301545776363971,2.2994923258913307,2.297783038869475,2.297031757602402,2.2966951608255783,2.2940214918596546,2.2927756362781557,2.2922227703298725,2.2918199716892853,2.2915117087291828,2.291239329574482,2.291004972554379,2.2907697414668373,2.290644058389165,2.290566264577901,2.2904136826175865,2.2902473169072683,2.290246713925373,2.290177564697362,2.2901598356827515,2.2901712523342987,2.290084791324191,2.289968179209035,2.2899603658743692,2.2900145617745578,2.2886496567203465,2.288347311908439,2.2883175640644953,2.288260053221331,2.2882966526845254,2.288362479933599,2.2883678541014607,2.2883706278784883,2.2884336357172987,2.2884304552617
v_loss,0.47707069717861456,0.2636200923986476,0.18278051688624866,0.13089535813136347,0.11530158537086742,0.10730508581719136,0.10457036937426391,0.10074845373486008,0.10036502305161336,0.10099326628260315,0.10277712398272906,0.10535389093254645,0.1058499754484791,0.1050446095017331,0.09653470486458712,0.09345545146036251,0.0927334797528476,0.0931179685722876,0.09294611588654866,0.09208279074940445,0.08906563022816233,0.08834021960155324,0.0880177322276346,0.08790881875290231,0.08779461930339337,0.0877046471252909,0.0876156111720273,0.08737094316155858,0.08733662309131088,0.08723115395051567,0.08733021529754705,0.08714612073501861,0.0872449175065287,0.08740280529580496,0.08732681779094555,0.087340721700758,0.08731424389286609,0.08731718400196205,0.08725645848036069,0.08738923249445085,0.08513114939138679,0.08454136641752295,0.08436096079059444,0.08421576337498445,0.08401546620241726,0.08408518560629154,0.0839550374158064,0.08390065103388945,0.08399795233788859,0.08404790991987503
pi_loss,2.310388768618477,2.3024563794506006,2.2956108770236887,2.2857464742557756,2.2783538676027595,2.2724626697342973,2.2686574824925128,2.2650757614266257,2.2631811261819355,2.2623986110091208,2.2625102722953105,2.263990423391605,2.2641073778271674,2.26405325632157,2.2593257738983836,2.255853102381887,2.2542205848827446,2.253579009105933,2.253213790932606,2.2525078996245202,2.2492153531646935,2.2480162365297818,2.24754038250138,2.2471052943118686,2.2468022144046325,2.246615037399119,2.2463971487021652,2.2462656170001316,2.2460324737532384,2.2460213292903943,2.2458894286176254,2.2458049399842475,2.2457215752709527,2.245731295067175,2.2456836198167553,2.2456480931233744,2.245553615535128,2.245743689326377,2.245572679952301,2.24565459608004,2.2443519821711657,2.244057442440555,2.244032743303426,2.2440478235868544,2.2441026810428193,2.244108365668819,2.2441861906699065,2.244212284401573,2.2442523697326924,2.244227029935553
v_loss,0.47096134381044047,0.25508437341229356,0.16588745038093738,0.13500644446892626,0.12068826578887049,0.1138615104218772,0.10679888704764202,0.10309569447819089,0.10163215839959105,0.10018888898743099,0.0989566991963494,0.09799045115121272,0.09717518860209291,0.09639371491274784,0.096378985024441,0.09663168126022555,0.096635555045991,0.13168156874573694,0.1593152908390228,0.1056760533608606,0.09578863919368506,0.0942401101446007,0.09368347297608368,0.09335620433850583,0.09310869395731668,0.09286447861013775,0.09279172997562261,0.09270386666835731,0.09267493239989631,0.09252103956954204,0.0923412299756581,0.09231425461206659,0.09219303068237222,0.09204193235577729,0.09229357515183881,0.092224677794848,0.09218779538594735,0.09220310410097765,0.09219693245001925,0.09205353662496027,0.09040525620997095,0.09010095823326383,0.0897784251330989,0.08981786944249368,0.08967529374363785,0.08957637202000514,0.08948403873245804,0.08963061642795898,0.0894053599516803,0.08946358028775366
pi_loss,2.2804417907933203,2.271796899263691,2.262904708993404,2.2557049123287616,2.249563420428882,2.2449565686459967,2.2397530784528357,2.2354850973756233,2.2326295264162193,2.230199522126372,2.2278888307233946,2.226139070206069,2.2248361025907015,2.2235168819828646,2.222903574019645,2.223003391328317,2.2227331010135276,2.2337427242672763,2.2518671280595393,2.2371798590381355,2.227621233525322,2.224358980178006,2.222606962386774,2.221400983211587,2.2204649994296815,2.2197948078021525,2.219247637473286,2.218832818353476,2.218450701453845,2.2181560954423127,2.217859351366164,2.2176697861600316,2.2174926541312714,2.2173589445773354,2.217184320182668,2.217083222227105,2.216935251240925,2.2168999955329496,2.2168931445140787,2.2167424824789927,2.2158096568127457,2.21555344601455,2.215490829655117,2.215517585730408,2.2155017393729217,2.2155158981900573,2.2155335756973504,2.215550663516714,2.215566378413132,2.2156040796691814
v_loss,0.45792470044704503,0.23856077017872615,0.1572661723372197,0.13162084990648723,0.11990337301549953,0.11615443785703339,0.11452946308918915,0.11148290986024396,0.10909677624669918,0.10664397784098006,0.1052002139568459,0.10417900811799488,0.1062293369420621,0.11851115443267937,0.13991000500048092,0.10799243384443516,0.1025793473549415,0.10140743313365368,0.10060091215759255,0.10010571971893571,0.09838297031413129,0.09782071490751734,0.09788027313501294,0.09740934628814328,0.09724327037964976,0.09737393900947279,0.09727926224014645,0.09731077439676336,0.09722911058457398,0.09712368409478768,0.09735698632033761,0.09711207358012033,0.09707371052191897,0.09709078546564652,0.097059075949982,0.09714620821259298,0.0969158738859681,0.09688123818242915,0.09709729700385873,0.09700637267308725,0.09527697011128913,0.09468973329673037,0.09466063568458026,0.09450884605046182,0.09456476964967479,0.09415755380416801,0.09434657429048067,0.09438794970951617,0.09437555668135397,0.09412639545903065
pi_loss,2.246972998156818,2.235732802553468,2.2235329822681877,2.2141828774364756,2.206816651519209,2.202184243181387,2.1998195989683724,2.196776684611125,2.1945598213953743,2.191851478164373,2.1897256348330902,2.1877214005940866,2.18903469123174,2.195111220372296,2.2069887784891256,2.1948248474879035,2.1875929940735928,2.184700424702407,2.1828833660184035,2.1815530255371827,2.1790924684449573,2.178258259223538,2.177926886133752,2.177502973215028,2.177140933977985,2.176955347550488,2.176818317721504,2.1766684962151874,2.1765891272428255,2.176464390442361,2.176394697568302,2.1762578409311555,2.1761985501868235,2.1760854579996334,2.176016463931471,2.1759987198109187,2.175934571886687,2.1758879280506784,2.17605055679921,2.1760997150662686,2.1750006958907346,2.1746784733893048,2.1746488418121004,2.1746367509708655,2.1747624340536293,2.174700687754102,2.174773418695125,2.1748961322692804,2.174844600540061,2.1748971581459045
v_loss,0.523273806687425,0.2794764578654504,0.16646945035413402,0.1343485884804012,0.12372568768837586,0.11734768103509101,0.11370182817844092,0.11109617050171522,0.10945249146685966,0.10844340183435701,0.10795817260888858,0.10614055639090599,0.10611522241770233,0.10752387980347008,0.12002646016610387,0.15406739133138722,0.11386362485503079,0.10492472915404702,0.10309470414361196,0.10229465324857498,0.100065208585481,0.09950135610461314,0.099331920777966,0.09910275603369867,0.09899962770331644,0.09882124658693506,0.09862810027757968,0.09874483558266418,0.09888225594327425,0.09852703151587286,0.0985033402225916,0.0984552464030202,0.09871654723158162,0.09846175953349258,0.09848116317286074,0.09830314771598936,0.0984000344525041,0.098479506753086,0.09821010150671994,0.09833554504520502,0.09634382769028228,0.09549533515676115,0.09537775002917304,0.09541849623252208,0.0955400087323729,0.09528038718649894,0.0953625168734235,0.09514440174895561,0.09515476830459701,0.09496957705239156
pi_loss,2.228521349438406,2.217360026237228,2.2034010791965803,2.1926120522758725,2.185089809420221,2.1793314732910245,2.175088711329988,2.1720581842134554,2.1691591025543047,2.1677825877907804,2.166365449133136,2.1642622255946122,2.1634086240440555,2.1642180678628087,2.171114601857999,2.186459339153912,2.174745361634366,2.16554602642542,2.1619369581107692,2.159752371631576,2.157093794766105,2.1561122713496754,2.1555487482335556,2.155179388131979,2.1548712717508978,2.1545724377790254,2.1544104056208546,2.154194373006804,2.1540465278463214,2.153916878642004,2.1537717265608425,2.153713272088069,2.153718994498045,2.1535882445322074,2.1535113316555923,2.1534393428715943,2.153546070137157,2.1534380907059547,2.1532969922607483,2.153291662170001,2.1522118869460276,2.1520170709849653,2.1520083108705585,2.1520860641934694,2.1520686130873194,2.1520736918607515,2.152161379187103,2.152140895161537,2.1522923801061786,2.1522928072207885
v_loss,0.5011070318112718,0.25832299020213634,0.1626895689577968,0.13520649593566567,0.12178150038160974,0.11364073430005678,0.11069655491160706,0.10928385093400823,0.10730746440011252,0.10676789033100192,0.10577720166980642,0.10494003199349689,0.10476933764474469,0.1044178344342181,0.10479033980978492,0.10498067162884975,0.12362052153342615,0.20001504939489684,0.11566135224539661,0.10601451934514013,0.10205062041863983,0.10105380012507581,0.10101304066119424,0.10064628080676788,0.10054341200706295,0.10038562907428338,0.10027970543798105,0.10017381680429613,0.10009597805763941,0.0999603245335071,0.09986338182804183,0.09983805761667629,0.09968872956202302,0.09980526926222617,0.09969568052994353,0.09980287492058422,0.09970514152225311,0.09953963368920843,0.09958515170061503,0.0997222545762042,0.09793164074089135,0.0975977964058676,0.09734400137733319,0.09731860623269538,0.09711058542782826,0.09712112446461774,0.09702781667174012,0.09703422756783493,0.09689764053654418,0.09704435204945806
pi_loss,2.1828241328293263,2.170688270786662,2.157032144868605,2.1474522274427734,2.139474812428577,2.1323579483562045,2.1274681375140236,2.1241844511957186,2.1212829013980885,2.119451137762221,2.1182695689234996,2.116707780584036,2.115993528244146,2.1151035381793135,2.115474297466312,2.115064803464913,2.122547076597836,2.1542015491970004,2.133461141081714,2.1225011843852895,2.1165163259447355,2.1143643552243603,2.1131625235396085,2.1121912982308255,2.1115760020057572,2.1110105763667475,2.110607221538638,2.1102167929291094,2.1099489420599826,2.1096662475318504,2.1094022195595703,2.109247203752057,2.1091311119851612,2.1090209093043413,2.108863005562434,2.1088446680410406,2.1087337432715,2.1086439778354853,2.1086517471485036,2.1086200195014793,2.1075950873591913,2.1074219272460466,2.107406894681315,2.1074243222594893,2.107420670712856,2.107459566895924,2.1074895749436906,2.107538379689373,2.107518421699551,2.107558569369913
v_loss,0.4508696593311098,0.22944037695725758,0.15200524766577614,0.12372055066294141,0.1131805307848586,0.10644996909714408,0.10339991263548533,0.10142155658619272,0.10120140730962157,0.10047269576425767,0.09858255053021842,0.09785578064113441,0.09761231687561506,0.09817766712233424,0.09742288595727748,0.09809630329244666,0.09966518052998516,0.1468686264546381,0.17088604949911435,0.10665213246477975,0.0968531192307257,0.09560069840347084,0.09523651020834223,0.09515970217643513,0.09482848088267362,0.09452817636407498,0.09466065857880232,0.09431016306941294,0.09420346722772552,0.09424766251082635,0.09399101920425892,0.09422448538533515,0.09409255537344142,0.09421525781787932,0.09398899649730366,0.09381539203899188,0.0942404015505583,0.09396539895412409,0.09394260427865407,0.09382170994517704,0.0921474048745715,0.09177235519327223,0.09165117643944298,0.09137909334349549,0.09126633052962521,0.091082387811168,0.09110069151517625,0.09095892578063326,0.09107173463567678,0.09095451875739835
pi_loss,2.149385044945611,2.1360250217649672,2.1228007731967504,2.1124317084418403,2.1048077059321932,2.0978161682552763,2.0935396881103516,2.089660959349738,2.0880264071358576,2.0863676363627115,2.084084522088369,2.082387304623922,2.0814136022991603,2.081699661148919,2.0808026065296596,2.0807779745525785,2.0830435309939914,2.0980774564213225,2.1195573784510295,2.099213941044278,2.0877034985224405,2.0839700809584722,2.0820182666778564,2.0807045986917285,2.0797041028340657,2.078956560558743,2.0784415696461997,2.077881142669254,2.077460545539856,2.0771455890337625,2.0768558876779344,2.0767974778281317,2.076586984422472,2.0764129116270276,2.07638534895579,2.0761572978761462,2.0762318215899995,2.076105506632063,2.0759541331397164,2.0757495336002774,2.0748546318478054,2.0746493192248874,2.074635107040405,2.0746639195018344,2.0746504385736255,2.0746967036989,2.07470846663581,2.074746332380507,2.074809934986962,2.0747898542616103
v_loss,0.4351859556274465,0.2110501004446278,0.13586592756558297,0.11879434612494676,0.11300979180458087,0.11044628276741249,0.1071628469987131,0.1041909751943804,0.10355566411024236,0.10361749869613027,0.10399390571985613,0.1070794111454263,0.15149891423144793,0.12245313835885102,0.10433553151239863,0.10244629998093267,0.10114797478465093,0.10098923810579429,0.10068483160865328,0.09981009310148056,0.09779213244605256,0.09735966939479113,0.09710086043091068,0.0970152504858769,0.09685994859631565,0.09674905490776614,0.09683254337161513,0.0967442332242144,0.0969181055359689,0.0966458233899715,0.09654778666037912,0.09681459122765576,0.09663093895759693,0.09645558319559358,0.09638459796639083,0.09680257045309024,0.09664165522080174,0.09665979914807037,0.09692319238155227,0.09671762891693544,0.0947803810492078,0.09429736038476681,0.09401941839405643,0.09396891071242888,0.09378022806592326,0.09364595745268656,0.09370144854727899,0.09368879162025019,0.09343506818577274,0.09321677699195277
pi_loss,2.112879931073709,2.0970306906162732,2.079065685195445,2.068236785945824,2.061614069827767,2.0576535285265587,2.0545733870675185,2.0512488525967267,2.0497713681836887,2.048743608172763,2.0491542319279024,2.0501797406106173,2.070884708321798,2.066475818003653,2.053958904444638,2.0493247472749414,2.0470481257959,2.045737617557505,2.044993604231819,2.0440313676388833,2.0416666141349644,2.040921536882363,2.040652092432933,2.0403981064854455,2.040246670382607,2.040161433181524,2.0400675020192307,2.039923475871999,2.0399188566719695,2.0398897542509924,2.039825038534584,2.0398975352695037,2.0398788356183895,2.0397256303558624,2.0398273859339664,2.0399148764891786,2.0397855716229336,2.0398695731205674,2.0400179958300857,2.040022454556071,2.0389343372184605,2.0387225819615002,2.0387130668636724,2.0387487424294295,2.038772161296954,2.0388291599712134,2.0389371467404374,2.0389743542202043,2.0390615536829655,2.0390801087474992
v_loss,0.4788420582425508,0.24108430394223665,0.15746057104480718,0.13334743560557438,0.12490404744561937,0.12110177180074182,0.11857064893059029,0.11555654176726049,0.11439614332640806,0.1132387322447656,0.11375223676966577,0.11281749346068243,0.11245101471162579,0.11215702316636347,0.11281143770963357,0.1126927177889091,0.11320782026329787,0.141114383593827,0.190410023851031,0.1209529188027881,0.1112681748034493,0.10980185829119804,0.10920375430980019,0.1090811693953478,0.10890941219891855,0.10873049228294124,0.1084931527377049,0.10840934392364043,0.1084268457896752,0.10828597143221821,0.10819161063335862,0.10807218469363311,0.10825801201816984,0.10822881733164837,0.10793630963751193,0.10800357525731144,0.10803664248396343,0.10803884762298947,0.10804776900484889,0.10797172771356596,0.10639700283622537,0.1059118511936113,0.10580588709554611,0.10554414205396016,0.10543691369852838,0.10546708623771489,0.10519021396594129,0.10529558261697154,0.10531284189133716,0.10529724508870665
pi_loss,2.0743233540804806,2.0585518097135136,2.0429394036692834,2.03171511919705,2.0242264369764915,2.0196221204548537,2.0159386942694333,2.012650915431632,2.010056275968517,2.0084356658079994,2.008056566603347,2.0068964280914314,2.006020797799856,2.005462151921828,2.0057978337422173,2.005821455713859,2.0063608825637114,2.0147903491927828,2.0419712128514416,2.0210878864899007,2.010168087019817,2.006879538674217,2.0052284923002177,2.004182811275071,2.0032901444643842,2.0027616010030687,2.002196347186281,2.001776269035219,2.001503624667545,2.0012377897808697,2.0009944805276954,2.0008466886053875,2.0007726713638445,2.000674924830022,2.0004344423863003,2.0003367725369734,2.000477984224846,2.0004637967055454,2.0003411295396756,2.000391878106964,1.9994485386334602,1.9992099164679162,1.9992285485409658,1.9992134885775052,1.9992750192377111,1.9992858879402657,1.999258043910192,1.9993183705619526,1.9993844622147643,1.999445706121758
v_loss,0.4493370792040458,0.21171457435750313,0.14407547248434696,0.12517928779125215,0.11735438740226478,0.11313010685112142,0.11077962294558055,0.10849442518741836,0.1080319774080051,0.10779539623984655,0.10675298599062732,0.1067366666198451,0.10808606181647713,0.11158370513350985,0.14716762021790802,0.11734816192636663,0.10819209440194104,0.10642059034756406,0.1048995314106952,0.10561125856145745,0.10255576333713748,0.1017031148716605,0.10135899704303676,0.10138184622402105,0.1011870237691033,0.10122578354442821,0.1010611628856493,0.10118075890458142,0.10106033419397958,0.10084569836962479,0.10081160140952845,0.10079336365394093,0.10085524515147697,0.10109231363417269,0.10095877737582269,0.10090522377043794,0.10104242605410044,0.10102853483259172,0.10110862489402024,0.10073469478797117,0.09848349780345765,0.09781803145364129,0.09756986696622862,0.09745640122959584,0.09728729555033552,0.09730469488151101,0.09724452359585,0.09725010402419508,0.09715720162351882,0.0971163972232457
pi_loss,2.040088963805281,2.021597126058863,2.0042549983948064,1.9932531125944664,1.9866152560009676,1.9823812635236195,1.9798362417728113,1.9777834305935855,1.9766836562307712,1.9758670860016507,1.9749220137277879,1.9745513030306785,1.9751673149172537,1.9769912819517144,1.9940106036975913,1.985005225261412,1.9777837916332133,1.975062098896881,1.9736473348345691,1.973509787272544,1.9710540304895978,1.9700941029986645,1.9697334496144256,1.9696073536959169,1.969424617614142,1.9692945899736827,1.9692238141508664,1.9692061861176298,1.9691948895540712,1.9691244282873508,1.9691452327087453,1.969184382307044,1.9691119806798874,1.9692226148164111,1.9692616065837678,1.9693097764145735,1.9693287790900442,1.9693465397638432,1.9694571451094356,1.9693237854479664,1.9683726184912935,1.968146629328102,1.9681580858802363,1.9682891999704266,1.9683258001890658,1.9684329353171777,1.9685155687693556,1.9685632770687207,1.9686327683170457,1.9687432580673856
v_loss,0.45813296776223966,0.22796363115392543,0.14847920253026836,0.12717128574725364,0.11664992027093858,0.11398031038399307,0.11145514944711557,0.110637953092136,0.117093670103467,0.1122575738030612,0.10943936979084279,0.11084060202908767,0.10869932812621523,0.10943883243989158,0.1087917429122105,0.10821893132008585,0.10953638186650999,0.19223840915403523,0.13429999352524896,0.11414848589389534,0.10690143768037687,0.1059987174463032,0.10557165426191883,0.1053467695106626,0.10518050143979626,0.10509082081389952,0.1049763579330929,0.10482975887305243,0.10461448649312932,0.10472403665588344,0.10483769977281054,0.10465133868690048,0.10487064884313733,0.1046013312223248,0.10431676672177982,0.10443820430805068,0.1045618380365327,0.10440968236316255,0.10461247390504558,0.10429792004490729,0.10234462406875176,0.10180604391843899,0.10157769560581927,0.10130207835877444,0.10138133072700256,0.10135253214007824,0.1013159241830937,0.10129997901611658,0.10088985066199095,0.10147604375443124
pi_loss,2.012951373835623,1.994899149888601,1.9783214198582337,1.966958685781493,1.9592251168502557,1.954533705562899,1.9515624397840254,1.9498077148482913,1.9521932730744609,1.9503303480235648,1.9475819503431355,1.9475614825884502,1.9460378385288812,1.94620866947995,1.9456542766356206,1.9451387242956475,1.9452184507480035,1.974868011016112,1.9675476318532295,1.9560242202474085,1.9482085058540652,1.9459349171364264,1.9447481370234228,1.9439284407393835,1.9433715038902157,1.9429701230464838,1.942620418556444,1.942314652514545,1.9421311246824788,1.9420030817880736,1.9418491486446325,1.9418082130260956,1.941813811386898,1.9415554233959742,1.9415436770234789,1.9415272783228765,1.9414462126218355,1.9414541438604012,1.9414969518944458,1.941390797441259,1.9405146325245881,1.940360196453311,1.9403921970517644,1.9403890661704235,1.9404595375279368,1.9405535696408687,1.940598420498572,1.9407087863583268,1.940705649582021,1.9408908381566896
v_loss,0.4924417605020882,0.23797270172093424,0.1549611451066826,0.13397870516877833,0.1278794136075422,0.13151667965150401,0.12467547298717216,0.12088917067420875,0.12023550426754318,0.118920756915969,0.11986857893752441,0.11973254623868838,0.14185688552707162,0.2004149590688715,0.12608001911008163,0.12176416206498795,0.11807160860972932,0.1174058237077304,0.11697336849186167,0.11672514012522682,0.1150441521462019,0.1145612803463172,0.11442586158145171,0.11435453883854083,0.11424652629206723,0.11406371712010402,0.11398506423175825,0.11410012191171728,0.11384914148006404,0.11402971117878145,0.11384256252886173,0.11381257411051657,0.1137761643677405,0.11370836761039452,0.1137898899972357,0.11390790641750508,0.11376295118699943,0.11396093657870233,0.1136072879381328,0.11391925448602852,0.11195917354157736,0.11128698726281715,0.11111109944016177,0.11079567789833931,0.11154150898982064,0.1109366679744594,0.11070809690741451,0.11065879685147044,0.11043721498237068,0.11043216046831235
pi_loss,1.9698765640720808,1.9519797832699972,1.9349429170435917,1.92373804658161,1.9174634400189903,1.9172577681445553,1.913016749801322,1.9095005178364366,1.9075687800072665,1.9058910759754983,1.9058297382194338,1.905807182710393,1.9150030942024217,1.9391339672984762,1.9178097911683036,1.911135911614629,1.906470119299357,1.904804155312247,1.9034869665419598,1.9026861632109997,1.9009714361954433,1.9004222356205231,1.900111047179869,1.8999302352368286,1.8998087774247094,1.899643832739354,1.899519036958161,1.8995461949918562,1.8994657226192886,1.899420621408187,1.8993563705432133,1.8993570914652056,1.8993283388165714,1.8992787800061854,1.8993767428005852,1.8992806412620127,1.8993042892686192,1.8994151194745053,1.8993046236866353,1.8994808082606718,1.8986372741746291,1.8983508223153556,1.8983750381461009,1.898426951721338,1.8986591744684431,1.8985607221967777,1.8985763543048768,1.8985975425029804,1.8986837916226011,1.8987012668980976
v_loss,0.48820551865935874,0.2837756604642912,0.16604096083322428,0.15001130340972804,0.13680925001883837,0.1306612072727098,0.12794841172920393,0.1267227956467235,0.12521920310942808,0.12429945009679014,0.14793339100095534,0.13221700588060964,0.1255585334714382,0.12370685851931022,0.12267104016814363,0.122113525942998,0.12156378630428545,0.12203735806614435,0.12144505299524777,0.12175442818809765,0.11914016019020762,0.11808981139745031,0.11767056452857184,0.11778308927909845,0.11752174617679713,0.11745538731719354,0.11741892679461412,0.1174006489367323,0.11749245849038874,0.1172997007545616,0.11739452235821274,0.11742613723990829,0.11750410191311333,0.11730680562821882,0.11735808510839733,0.11729550360131168,0.1178045740797429,0.11778695405276346,0.1175052048638463,0.11741686451896888,0.11453231101735464,0.11352732031341119,0.11343798846256391,0.1133246717940209,0.1130379023442414,0.11282923748139463,0.11272887041639915,0.11328938134145507,0.11257689156857091,0.11287294173385724
pi_loss,1.9443832346165235,1.93284039502869,1.9105431452942883,1.9007870824518291,1.892700963731735,1.8876729420665221,1.8847224508699734,1.8827364863063882,1.8817972842518085,1.8809511178100164,1.8917739727942076,1.8874332314674755,1.8820828115610484,1.8800277132317766,1.8786032955149352,1.8778793456916985,1.8772463768720626,1.8771629290784009,1.8768212393681574,1.8768150889859772,1.8752739352495988,1.8742929362756315,1.8740349466075545,1.8739738936797814,1.8738854164420735,1.8738999499497326,1.8737953210206626,1.873804969879614,1.8738938240136969,1.8738339037939151,1.873874066042186,1.8739338161209211,1.874074556805571,1.8739994688723494,1.8740109321021814,1.8740245289928903,1.8741946395709768,1.8742610374628674,1.8743260324962678,1.874385065348467,1.8732543159465087,1.872988767310771,1.873104455359795,1.8731149450905862,1.8732524185960744,1.8732991688811833,1.873402303072714,1.8734269294183925,1.8735442074625173,1.8736992017327365
v_loss,0.48390542155794847,0.24087460782539988,0.16522876603705355,0.146304347793115,0.1390140542371512,0.13640944520054382,0.13524553181283114,0.13627319378742353,0.13421661481295524,0.13291901541597928,0.13316242733375677,0.13256652948635922,0.1328765325532693,0.1318472210530332,0.13223071284455065,0.13305462175584376,0.15761432904671285,0.1883642851120579,0.13847069004627688,0.13317021916225458,0.12986219564337959,0.12899892140272404,0.1286397508166477,0.12847604236215107,0.12826225229238247,0.12822883951939512,0.12817197564985902,0.12786773780211738,0.12796539383175293,0.127873073913767,0.12764714145561698,0.12775089194708553,0.12762522943345309,0.1274848725585046,0.12813401196354174,0.12797847034267415,0.12762833184973021,0.12761604441663982,0.12742847830173668,0.1272910267351111,0.12456407603099189,0.12378235040840854,0.12316075264259474,0.12315030574366766,0.12279129302490711,0.12219416734521733,0.12177664602797379,0.12185080305963632,0.12217262866988216,0.12129550033849565
pi_loss,1.924071806005743,1.904735707479984,1.8870407988307887,1.8758973767698195,1.869591098097123,1.8658444272232582,1.8638344531554965,1.863329654838804,1.8616387507404444,1.860508593047773,1.8601641155978135,1.8596496807399319,1.8594404035132197,1.8588011992449265,1.8588837588063707,1.8591202845678707,1.8695268092510782,1.8856527323885148,1.8682824562971156,1.862330242264896,1.8586620574931871,1.8574004553827324,1.856812731651615,1.8564404460850832,1.8561659401561978,1.8559788004345266,1.8557802219399642,1.8557160328371105,1.855611986047978,1.8556204186521108,1.8555018960497416,1.8554502167390263,1.8554708709273737,1.8555684920945295,1.8557496837442253,1.8557167843930087,1.8556605945953888,1.855792598759459,1.8557908776273613,1.8558561142804761,1.8548042514286902,1.854667552425539,1.854553923984131,1.8547327265678026,1.854762104748583,1.8548865081415116,1.8549009312043634,1.8549606787467507,1.855208236905776,1.8551886275808198
v_loss,0.4673878291133805,0.2213928382225142,0.15460716461508475,0.16674038855448312,0.13290508653336236,0.12764781833079908,0.12600586470216513,0.12367386242539735,0.12394635843429233,0.12255034440392938,0.12286481114166249,0.12401397394899595,0.12346652350336917,0.12197695375073055,0.12134710040950385,0.12150203549248129,0.12138044332949671,0.12151114680336933,0.1226739946765835,0.12310991434653623,0.11930398461735392,0.1182066942826111,0.11795835518639027,0.117932163074104,0.11823323746366475,0.11760042810823762,0.11742188554275197,0.11778700680674288,0.11742259630345099,0.11691814329027546,0.11719894113370395,0.11727449727379777,0.11678192294794487,0.11758419187443943,0.1170282389528747,0.11706663473986942,0.11677839301828968,0.11633622947465147,0.11682086213078605,0.11641600267421214,0.11254916850278134,0.11153568534976957,0.11132509698775576,0.1104327233024848,0.11015030021433538,0.11017767134139948,0.10957617027473694,0.10929374053402643,0.10921010716343162,0.10969434150631455
pi_loss,1.8843788288506194,1.86411734447708,1.847395636223779,1.8499790262087246,1.8352502188284459,1.8292827770333888,1.82613310638499,1.8237547950606066,1.8226208708273088,1.8211167310656657,1.8206848369230864,1.8213876270280114,1.8208766138779062,1.8196574452288476,1.8190818464390357,1.8188828265576236,1.8187469103102094,1.818775666747036,1.8193889366139786,1.8200458847329954,1.8172030497576037,1.8163472908270646,1.8162361714727764,1.8162594387974467,1.8164125920799166,1.8162183445153202,1.8163106854510154,1.8166325387177211,1.8164670598174264,1.816520534510762,1.8166671501149552,1.816742176623032,1.8167808716669953,1.8172701078422395,1.8171794145227138,1.8174449794159384,1.8174219489908636,1.8174961368206242,1.817765210394325,1.8177679913235327,1.8162682596662827,1.816104099566866,1.8161756791504327,1.816191157346722,1.8163724364334806,1.8165420593893176,1.8166318735197131,1.8167770087196597,1.8169721398516334,1.8171729964936132
v_loss,0.4757581302413234,0.22961880660581369,0.15110560741827445,0.1319927044454272,0.1253432563851001,0.12199474716283105,0.1209596673509589,0.12003484944709474,0.11949909196614668,0.11986311172238655,0.11910862148808385,0.11864789573441226,0.11951262054413005,0.11924049743209723,0.11911947131156922,0.12015235263647304,0.19137731682233236,0.14641036992133769,0.12132948788089884,0.11901326559966913,0.11700100770082186,0.11620897954088394,0.11582516546844056,0.11581824714904305,0.11558795914536825,0.11524701001536515,0.11533494360434512,0.11529850720048503,0.11507690949882898,0.11490468153626554,0.11473787167385496,0.11436949363668207,0.11438639332643813,0.11424530463603635,0.1143905675607837,0.11425730652279324,0.11423703653875876,0.11430788456151883,0.11364515886504065,0.11309035105837716,0.1105615508656397,0.10939868618389247,0.10878959906597932,0.10863648781863351,0.10845139303624078,0.10795365043191446,0.1074291947349492,0.10720033554739698,0.10670888278357409,0.10647362659478353
pi_loss,1.8608534518215392,1.8411761630464483,1.8238502826955583,1.8127256253251323,1.8066410613280754,1.802416204523157,1.8001919441752963,1.7989024161188691,1.7977961406663612,1.7976137973644115,1.7968076467514038,1.796266014156518,1.7965296358973892,1.7968330654833051,1.7963388494871282,1.7969745642609067,1.8198893123202853,1.8178089757760365,1.8037046804472252,1.7991611039197004,1.7960964496488925,1.795025576044012,1.7945172844109711,1.794230552735152,1.793865035750248,1.7937156519404165,1.7935403813918431,1.7934734738535352,1.793353577344506,1.7933451613894216,1.7932722512218686,1.793260896757797,1.793248909049564,1.7933090732053474,1.7934331353063937,1.793499798686416,1.7937434959190863,1.793771262411718,1.7936878408546801,1.7937010633724708,1.7928085859175082,1.7926022870673073,1.7926440628590408,1.7928607379948651,1.7929071261926934,1.7929861107358227,1.793025016895047,1.793112768398391,1.7932193940436398,1.7933052670072627
v_loss,0.5062026374869877,0.23819359338807838,0.15535467037310202,0.13451008891548824,0.12888611370559644,0.12609363332114837,0.12459927352352275,0.1244032256167244,0.12392489612274976,0.12317495805176872,0.12367424758634081,0.12306339350632495,0.12285348144187419,0.12238183105019508,0.12275036854186544,0.12333410222221304,0.12448702628413837,0.12439828037663743,0.12849571112957264,0.22944837814817826,0.12711794144232516,0.1216105987869755,0.12067026827415382,0.12008739624310423,0.11970603453098899,0.11934926228735734,0.11901634671311412,0.11868943999417954,0.11839770857520678,0.11820333566758091,0.11815797259203262,0.11792867230251432,0.11749417072300006,0.11739719718763673,0.11731527580155267,0.11677779875419758,0.11667993791849801,0.11730597688713007,0.11637786328447637,0.1160466759155194,0.11288565467629168,0.11149765857564355,0.11101492514523367,0.11039765758991793,0.11023464006958185,0.10956130799906397,0.10955933525951372,0.10937623043406616,0.10903788735676143,0.10900687470307781
pi_loss,1.838269031710095,1.817115104198456,1.7994985047313903,1.7880747906587742,1.7821228783439707,1.7786138382222918,1.7762276907761891,1.7750904953038251,1.7743509910724782,1.7735121839576298,1.7733192082908418,1.7727540890375773,1.7726059899285989,1.7721734325091043,1.7723769449525408,1.7726418000680428,1.7735192558279744,1.7737700989952794,1.7759395456976361,1.8096050718316326,1.7844015730751885,1.7775400540343038,1.774864152515376,1.7734560351680826,1.7724573914651518,1.771740335557196,1.7713311231798596,1.7710192884559985,1.770678965029893,1.7706607836264152,1.7705935426332333,1.7703794343603982,1.7703372099885235,1.7703478030584476,1.7703559042127044,1.7703309576820445,1.770331585959152,1.7705679459704293,1.7703399668137232,1.7703625135951573,1.769359896690757,1.7691501133971743,1.769151105704131,1.7692248706464415,1.7692567366140861,1.769315904599649,1.7694495234224532,1.7695940226316451,1.769701279092718,1.769880312901956
v_loss,0.4859226843137537,0.2150679035476466,0.14256098533475864,0.12715175360774195,0.123465682513443,0.12110720148216413,0.11981336014896797,0.11890996130637728,0.11836355484439341,0.11862574525010985,0.118530293085458,0.11802302821568826,0.13060984166349446,0.1772323711541112,0.12343968718106298,0.11846870762682771,0.11752404436014689,0.11667303079340323,0.11684487658089765,0.1160322192456275,0.11369907996639804,0.11278985005159979,0.11239809491905753,0.11192568039714083,0.11188546188125384,0.11155659065354664,0.11153653088707331,0.11131297680505967,0.11110240239580639,0.11070009448099015,0.1107812226876561,0.11080552396768603,0.1104598095956184,0.11017799150377332,0.11037055763903332,0.11025848208356032,0.11024896798306795,0.11036920748231326,0.11022417680525136,0.10996115572917062,0.10649183873187758,0.10490777676975357,0.10405659740851425,0.10384417907464936,0.10324887221061678,0.10295099691007446,0.1023894973876201,0.10227608647556487,0.10146475581060298,0.10177710040704845
pi_loss,1.8113501242863177,1.7886613460892407,1.7707341939377386,1.7600280583681784,1.7546609673975122,1.7515082175061245,1.7495112453537058,1.7481729861078315,1.747390496386718,1.7473621378952786,1.7470709788066714,1.7466892138872732,1.7507560088869802,1.77320317055482,1.7551825680324262,1.7491861102856294,1.7475105596765237,1.7464425924548002,1.7461723078118578,1.7454892474623809,1.7438923279222385,1.7434121018459454,1.7432984845154333,1.7431858760795558,1.743211053658686,1.7432096599977553,1.743293318446566,1.743298903412881,1.7433378774693558,1.7433612002562766,1.7435187537021921,1.7435394427851814,1.7436328033051234,1.7435903073023151,1.743770571283344,1.7439548967048886,1.7441566514902274,1.7442968937826777,1.7444300396260382,1.7443717780281933,1.7432589049223859,1.7428366326530997,1.7428238233707471,1.7429186742842975,1.742970411504447,1.7430904372222376,1.743126531331011,1.7432613956639664,1.743402103583018,1.7435882538834542
v_loss,0.4400141255507682,0.1987882386893034,0.13853115945375874,0.12431245547854325,0.12029770229939635,0.11876187016529664,0.11742220157895888,0.1166055836545158,0.11629471026679508,0.11626727704208026,0.11587833500636886,0.11556747874944405,0.11520897341393571,0.11626276694286657,0.1443386301536764,0.13427853470730516,0.11710758957333281,0.11471785731495922,0.11388940988350868,0.11330771228804021,0.1100002182335991,0.10880584459834937,0.10824182384117717,0.10763685646394205,0.10750294255515125,0.10713583935349903,0.1070283690699442,0.10678783297490287,0.10658097736101224,0.10670214727673279,0.10660063104918677,0.10580118053997815,0.10599315827920147,0.10562347819973268,0.10538772107915585,0.10546117031178177,0.10497357282565983,0.10430890198478468,0.10531724649256434,0.10444383432250816,0.09994223309320754,0.09796435080233228,0.09701487731333946,0.09665132987184873,0.09623389555743747,0.09580060629845774,0.09542850232042621,0.09498688454487011,0.09462479878126966,0.0949966859515604
pi_loss,1.7937967120548606,1.772710795088439,1.755049213192332,1.7458434630406945,1.7413024096005358,1.7390897065664201,1.7373694600849015,1.736143749200334,1.7356456713300876,1.7356062099219864,1.7354102779809926,1.7349719838775888,1.7349790200923456,1.7353465877314094,1.7481109661683718,1.7481151414224982,1.7384775193532769,1.7358681133023868,1.7349692720878302,1.7346818337293142,1.7328097916253216,1.7321725577448381,1.7320602230907705,1.732036063579157,1.7319864302589714,1.7321557365323255,1.7321302243456467,1.732242814628719,1.7322932140257723,1.7324556952730155,1.7325016739449315,1.7324676331423472,1.7326768295126223,1.7328856832739035,1.732998057645936,1.732902845007724,1.7329439017852444,1.732839038588633,1.7332641842695418,1.7333952559220525,1.7320001452094893,1.7316377330640655,1.7316989925132587,1.7318320878431699,1.7318900761724239,1.7320470074503285,1.7321440942003825,1.732262242467707,1.732479332215724,1.7325974504799204
v_loss,0.4588507864926312,0.21185490896600712,0.1501737959780153,0.13527677208185196,0.12803833709833562,0.12509902230423128,0.1232528942763,0.12240721882066628,0.12176892217613222,0.12168140010517664,0.12157953032860941,0.12200436010463762,0.1221394362926261,0.13082483871679368,0.1533234958421484,0.12951478326497018,0.12225718507742837,0.12040078759589211,0.11991669218171343,0.11949487407722155,0.11657157267781473,0.11529304182290587,0.11503670587510786,0.11444465789634939,0.11417900439080993,0.11377642743067272,0.11321575002864573,0.11326362421946168,0.11305404238954866,0.11276541397718493,0.11244289682377807,0.11237561722083811,0.11264802303897757,0.11227144281234928,0.11209867660213134,0.11153543192306525,0.11137481269887531,0.11104434264870665,0.1111379435102786,0.11185073877709943,0.10707769698167406,0.1041118241360503,0.10309258824256001,0.10287583852750974,0.10205201730861191,0.10126608910424442,0.10116215142745175,0.10092264776467888,0.10025097563331609,0.09975157524845307
pi_loss,1.7656747984586203,1.7458753583072673,1.7295362484768964,1.7210082624312437,1.7146676888225907,1.7114284555501507,1.7092935064493333,1.7076261252345377,1.7067796643076938,1.7064199402654077,1.7062455752512087,1.7065055508128362,1.7064695476978766,1.7106431499540196,1.7222155962288657,1.7142845809751321,1.7086155929889977,1.7065328545677445,1.7059454586936678,1.705675287404812,1.7039493247727757,1.7033346003721723,1.7032461848217588,1.7032334407355778,1.7032705602693508,1.7032285244616385,1.70324272522833,1.7035631584099042,1.703582732085024,1.7036729176378596,1.7036332893415327,1.7038707335193999,1.704061614563003,1.7041501556727114,1.7043485079873752,1.7042603409672912,1.7045026337944895,1.7045602540746818,1.7048458469283436,1.7053999579081942,1.7038749042874113,1.7033087251063883,1.7033102746674478,1.703514677509735,1.7035540452041253,1.7036441692948785,1.7039444366572398,1.7040661779707098,1.7041749233919832,1.7042280057408714
v_loss,0.44108693068152044,0.1939342766166178,0.13242466307120093,0.12080465742289576,0.11714800396141832,0.11551990987621803,0.11458808603807728,0.11414060343070817,0.11348127376343776,0.11369639271939758,0.11343091898667279,0.11738829573949994,0.11377740256599526,0.11308147179991451,0.11318090783237521,0.11583702292974427,0.11527777240444809,0.1390187826855525,0.1617631568232857,0.11609288142410232,0.11120585220824204,0.11000952753585888,0.1095731457862169,0.10876003055444071,0.10861207482252103,0.10877902014876034,0.10809819194238021,0.10786418782185707,0.10748926050432805,0.10760334743284133,0.10746931435484718,0.10696999194211702,0.10694107870265508,0.10680344876652556,0.106414156743506,0.10634165870220359,0.10607535577615473,0.10580899805845276,0.1053540538996458,0.10506857276560544,0.10165492377118833,0.10000090169331143,0.0997096395915819,0.09941952393751648,0.0986824671584946,0.0982403911080267,0.09770668288275822,0.09765991453887589,0.0976348264393077,0.0971663416286847
pi_loss,1.7531510047725778,1.731550650698925,1.7145377614382487,1.70529284606229,1.700484322967814,1.698018124299263,1.696416171073024,1.6955657350038416,1.6947535377607417,1.6946513185750192,1.6942445744774235,1.6964620446313674,1.6949070672045892,1.694179046509871,1.694065923899857,1.6961704939603806,1.6960990621305223,1.7052134077495604,1.7186473858223033,1.7009668120030146,1.6955608570976044,1.6941803743812576,1.6934152493503556,1.6929172623290945,1.6926241240172244,1.6925022455293741,1.6922650056988446,1.6921363119313966,1.692072254841897,1.692110967169057,1.6921986021212678,1.692016315993978,1.6921405439723785,1.692126787086921,1.6922157242226956,1.692283055897969,1.6922583416549128,1.6923390056437522,1.692374560036766,1.6924561711389627,1.6915091293961255,1.6912560950019466,1.6913757449877795,1.6914738613500524,1.6915004492473247,1.6916911209474748,1.6917120804315182,1.6919276334011732,1.6920273084916286,1.6920460148978589
v_loss,0.47287812005349344,0.22023557000606556,0.15659046038832206,0.13968188263455025,0.13358333479720894,0.12951545213913523,0.1278688736872123,0.12711694484783542,0.12686208075122868,0.1265886041738378,0.12668336028394914,0.1265531420419871,0.1276936257600673,0.13517656152499238,0.18239067275734508,0.13213770264580527,0.12661709879585006,0.125625166727663,0.12547841239294488,0.12656243775826015,0.12353448165071056,0.12206482737612964,0.12104306914900141,0.12080322034321343,0.1200469049942931,0.11970722679388783,0.1196235833932184,0.11887582212670886,0.11878043789082632,0.11841814785419218,0.1181431702115546,0.11822408505447599,0.11791245198424255,0.11711166231948657,0.11700689954418832,0.11671165827171308,0.11704520190510304,0.11634340687645348,0.11606178243960194,0.11662243689600826,0.11207260607448724,0.10986584005409974,0.10893505024822624,0.10822908936234071,0.10788172497042306,0.10722699542723363,0.10722271734361652,0.1064784230384367,0.10651036560216728,0.10592553049741603
pi_loss,1.7279065969277496,1.7073870063050678,1.6923668646400605,1.683775883929736,1.678840260963146,1.675209574839648,1.6735138981059596,1.6722433299911457,1.6717378346303375,1.6713701070579383,1.6713858171393112,1.6713189087829001,1.672090327678497,1.675897458215165,1.694388708091027,1.6797052484656136,1.6736686315411835,1.6721028386155208,1.6715733025476935,1.672095583322224,1.6705412960408672,1.6690302215147865,1.6686138977078386,1.6685316081808395,1.6684455252717745,1.668446181618533,1.6685059752896163,1.6684337737235257,1.6685033329283379,1.6686350854059784,1.6686716196583766,1.6688850964484763,1.668995863694548,1.6688285406007597,1.6690534344908237,1.6691122411791128,1.669477620656862,1.6692368339201094,1.669436824394096,1.6698639039176297,1.6684852981266856,1.6681011971973239,1.6681726138576183,1.6682362900394685,1.668369433514767,1.6685359957171422,1.6686954120683626,1.6687999307608403,1.6690693676861283,1.6691716223203836
v_loss,0.4532494110972586,0.20351242810431727,0.14390598704576268,0.13024293203116918,0.12517668701764337,0.1237995279182617,0.12283404613319869,0.12211634203987687,0.12177609733508941,0.12199626368281424,0.12185078191998086,0.125858123900887,0.16667476223599642,0.14083226102131202,0.12331877254243744,0.12087542060902692,0.11976168236758251,0.11941286944609164,0.1193066600962241,0.1192656287440288,0.1159012428961022,0.11447565931007546,0.11373441269677273,0.11343435077626902,0.1134020946639821,0.11301813191468162,0.11253838780987307,0.11167269246827782,0.11231370297911808,0.11189062163912993,0.11150592135937702,0.11132110383088484,0.11127666033685375,0.11083043576393248,0.11039839739582144,0.11115816351082317,0.10976535294737134,0.10979232406488766,0.10851640942247402,0.10910544895980143,0.104496865948186,0.10203622806383143,0.10095812707502198,0.10050876801693462,0.09980396783378508,0.09923005516507796,0.09935184909359909,0.09867895615315135,0.09806692262908402,0.09786790568920735
pi_loss,1.713490574487618,1.6925401025472726,1.6765674369731791,1.667378814876976,1.662253672145027,1.6597506713710333,1.658333458552571,1.6575501400669266,1.657158656844071,1.6572619662585115,1.6571826103206415,1.6598783386241,1.6756086836576014,1.671921949595549,1.6613286701976357,1.6585385112890176,1.6570164733111186,1.656317881819673,1.6561662557261778,1.6562689194889892,1.6545101193977254,1.6538646847457814,1.6539637148940474,1.653869196632527,1.6539734585448764,1.6540563866300018,1.653934901342132,1.6539414904843597,1.6543447770514434,1.6543960141200096,1.6544962970301844,1.6546664549443955,1.6549052640907747,1.6550278520225583,1.6549062579450078,1.6555139443283915,1.6550699508139737,1.655322104132265,1.6553547072007244,1.6556772893308698,1.6542693535076047,1.6538272168263233,1.653857311429946,1.6539466250827886,1.6540404379479867,1.6541591717308401,1.654342030532154,1.6543661930731364,1.6544600142292063,1.6545820137331808
